use 景点预约
--景点表
insert into 景点(景点ID,景点名称,景点地址,开放时间,每日最大接待人数)
values ('att00','世纪公园','浦东新区锦绣路1001号','05:00-21:00',default),
	('att01','上海野生动物园','浦东新区南六公路178号','09:00-17:00',default),
	('att02','静安雕塑公园','静安区北京西路500号',default,'1000'),
    ('att03','共青森林公园','杨浦区军工路2000号','05:00-18:00','800'),
    ('att04','上海博物馆','黄浦区人民大道201号','09:00-17:00(周一闭馆)',default),
    ('att05','朱家角古镇','青浦区朱家角镇',default,default),
    ('att06','东方明珠塔','浦东新区陆家嘴','09:00-21:00','300'),
    ('att07','上海植物园','徐汇区龙吴路1111号','07:00-17:00','1200'),
    ('att08','长风公园','普陀区大渡河路189号',null,null)
--用户表
insert into 用户(用户ID,用户姓名,手机号,身份证号)
values ('gus00','阿依古丽','13100131000','210106199409091234'),
('gus01','扎西多吉','13000130000','320106198804041234'),
('gus02','龙宇辰','13800138001','11010619970707123X'),
('gus03','白若溪','13900139001','310116198811111234'),
('gus04','苏沐橙','13700137001','440306199909091234'),
('gus05','陆远航',null,null),
('gus06','叶清歌','17300137001','43052220012021233'),
('gus07','江映雪','13400134001','420107199803031234'),
('gus08','林墨染','13300133001','500107199504041234'),
('gus09','徐芳','13000136500','321106198804043234'),
('gus10','王伟','13800138500','110105199003071234')
--门票类型表
insert into 门票(门票ID,景点ID,类型,价格)
values ('tik00','att00','成人票',10),
('tik01','att00','半价票',5),
('tik02','att01','成人票',165),
('tik03','att01','半价票',80),
('tik04','att02','免票',default),
('tik05','att03','成人票',15),
('tik06','att03','半价票',7.5),
('tik07','att04','免票',default),
('tik08','att05','免票',default),
('tik09','att06','成人票',199),
('tik10','att06','半价票',99),
('tik11','att07','成人票',15),
('tik12','att07','半价票',7.5),
('tik13','att08','免票',default)
--预约记录
insert into 预约记录(预约记录ID,用户ID,门票ID,参观场次,订单状态,创建时间,支付方式)
values ('gus04att02','gus04','tik04','下午','已支付','2024-12-13','微信'),
('gus05att02','gus05','tik04','上午','已支付','2024-12-30','支付宝'),
('gus09att02','gus09','tik04','上午','已支付','2024-12-30','支付宝'),
('gus02att01','gus02','tik03','下午','已支付','2025-1-20','现金'),
('gus03att01','gus03','tik02','上午','已取消','2025-1-10','微信')
